{
    "scaler": "minmax",
    "bounds": [
        0,
        1
    ],
    "min_trunc": -134,
    "max_trunc": null,
    "sc_state": {
        "feature_range": [
            0,
            1
        ],
        "copy": true,
        "clip": false,
        "n_features_in_": 1,
        "n_samples_seen_": 230400000,
        "scale_": [
            0.010770818591356653
        ],
        "min_": [
            1.4432896912417914
        ],
        "data_min_": [
            -134.0
        ],
        "data_max_": [
            -41.15654603982671
        ],
        "data_range_": [
            92.84345396017329
        ]
    }
}